Sequence	Activity
RRWVRRVRRWVRRVVRVVRRWVRR	1
ALWKTLLKKVLKAAAKAALKAVLVGANA	1
KRRWPWWPWRLI	1
KKKKKALFLKLWAAFLA	1
KKKAAFLKLWAKLFKAL	1
KKLKAFLKAWAKLFKAL	1
AKRHHGYKRKFH	1
KWKLFKKIGAVLKVL	1
KWKIFKKIEKVGRNIRNGIIKAGPAVAVLGEAKAL	1
WKLFKKILKWL	1
WKLFKKILKFL	1
WKLFKKILKYL	1
LKLFKKILKVL	1
KKLFKKILKFL	1
KWKKFKKIGAVLKVL	1
KWKLFKKIGKVLKVL	1
KWKLFKKIGAVLKKL	1
KWKKFKKIGKVLKVL	1
KWKKFKKIGAVLKKL	1
KWKLFKKIGKVLKKL	1
GWLKKIGKKIERVGQHTRDATIQGLGIAQQAANVAATAR	1
KWKLFKKIKFLHSAKKF	1
KWKLFKKIPKFLHSAKKF	1
RWKIFKKIEKVGRNVRDGIIKAGPAVAVVGQAATVVK	1
LKLLKKLLKKLLKLL	1
ISRLAGLVRKGGEKFGEKLRKIGQKIKEFFQKLALEIEQ	1
LLKLLKKLLKKLLKL	1
GKKLKKIGQKIKNFFQKL	1
GEKLKKIGKKIKNFFQKL	1
GEKLKKIGQKIKKFFQKL	1
GEKLKKIGQKIKNFFKKL	1
KGCALVKVRGLTLKVCK	1
HKCAKIKWRGVHVKYCA	1
LPFFLLSLIPSAISAIKKI	1
FFLLSLIPSAISAIKKI	1
FWGFLGKLAMKAVPSLIGGNKK	1
INWKKWWQVFYTVV	1
IARRNLCASLRARHTIPQCKKFGRR	1
IARRALKASLRARHTIPQCKKFGRR	1
IARRALKKALRARHTIPQCKKFGRR	1
IARRALKKAKRARHTIPQCKKFGRR	1
IARRALKKAKRAAHTIPQCKKFGRR	1
GKIIKLKASLKLL	1
RFRRLRKKWRKRLKKI	1
GIFSKLAGKKLKNLLISG	1
GIFSKLAGKKIKNLLISGLKG	1
GIFSKLGRKKIKNLLISGLKNVGKEVGMDVVRTGIDIAGCKIKGEC	1
GLFSKFVGKGIKNFLIKGVKHIGKEVGMDVIRVGIDVAGCKIKGVC	1
GLFSKFAGKGIKDLIFKGVKHIGKEVGMDVIRTGIDVAGCKIKGEC	1
GLFTKFAGKGIKDLIFKGVKHIGKEVGMDVIRTGIDVAGCKIKGEC	1
GLFSKFAGKGIKNFLNKGVKHIGKE	1
GIFTLIKGAAKLIGKTVAKEAGKTGLELMACKITNQC	1
GLFTLIKGAAKLIGKTTAKEAGKTGKLEMACKITNQC	1
GVFTLIKGATQLIGKTLGKELGKTGLELMACKITEQC	1
KWKKPLLKKLLKKL	1
KWKKLLKKPLLKKLLK	1
LLLLLKKKKKKLLLL	1
VRRVRKWVRRVLKLV	1
RVVRVVRRWVRR	1
VRRVWRRVVRVVRRWVRRVRRWVRRVVRVVRRWVRR	1
RVVRVVRRWVRRVRRVWRRVVRVVRRWVRRVRRWVRRVVRVVRRWVRR	1
RRWVRRVRRWVRRVVVVRVVRRWVRR	1
KIAKRIWKILRRR	1
KIAKRIWKILRRRLFRRV	1
KIAKRIWKILRRRLFRRVKKVAG	1
KWCFCVCYRGICYCRCRG	1
KWCFCVCYRGICRCRCRG	1
KWCRCVCRRGICYCRCRG	1
KWCRCVCRRGICRCRCRG	1
KWCRCVCRRGICRCRCRK	1
KWFRVYRGIYRRR	1
VCKRWKKWKRKWKKWCV	1
RGGRLCYCRRRFCVCVGR	1
RWFHFPGRWFHF	1
RWLHLPGRWLHL	1
RWIHIPGRWIHI	1
RWFRFPGRWFRF	1
RWFKFPGRWFKF	1
RWIKIPGRWIKI	1
RGGCLCYCRRRFCVCVCR	1
LCYCRRRFCVCV	1
GIGKFLKKAKKFGKAFVKILKK	1
KKLIKVFAKGFKKAKKLFKGIG	1
GIGKFLKKAKKFGKAFV	1
IGKFLKKAKKFGKAFVK	1
GKFLKKAKKFGKAFVKI	1
KFLKKAKKFGKAFVKIL	1
FLKKAKKFGKAFVKILK	1
LKKAKKFGKAFVKILKK	1
KKLLKLLLKLLK	1
AAGRLWVLWRR	1
IKQVKKLFKK	1
GIFKVLKNLAKGVITSLAS	1
GIFKVLKNLAKGVITSLKS	1
EQEELENYIEHVLLHRP	0
APRSLRRSSCFGGRMDRIGAQSGLGCNSFRY	0
SSSSGLGCKVLRRH	0
GKYGFYTHVFRLKKWIQKVIDRLGS	0
QAGANTRPCPS	0
LQMWEHYAAGNKPDHMIKPVEVTESA	0
QKREASNCFAIRHFENKFAVETLICS	0
PVKRHSDAVFTDNYTRLRKQMAVKKYLNSILNGKRSSEGESPDFPEELEK	0
KGVPTSTVYAQILFEENQL	0
SGLGCNVLRRY	0
GLRQSAEKGCKDPIRCYG	0
PRSLRRSSCFGGRIDRIGAQSGLGCNSFRYRR	0
VFPDGPRDKGGLRYCINGASLKFIPLEQMDAAGYGALKGEVK	0
QPTHWKITY	0
RQRYGKRDGPDTLLSKTFFPDGEDRPVRSRSEGPDLW	0
GDVPKPGLRPRLTCFPLEGGAMSSQDG	0
GAPDTGGQGGGGGGGGGGGSGR	0
CCTDGCSMTDLSALC	0
RSVNPYLQGKRLDNVVAKKSVPHFSEEEKEAE	0
HPPTVHNLCRILAVFLAEYLGL	0
MENNSRTMPHIRRTTHIMKFAHRNSFDFHFFNAR	0
HRLQTVQRAHQILVLQEGKLQKLAQL	0
REGGTHQQLMEKKGCYWAMVQAPADAPE	0
SSTNVGSNTYGKRNAVEVLKREPLNYLPL	0
AIQGATLLLFLIISVKYDHHRDHQRSRANGVPTSRRA	0
FLGAGLFIYFRNQKGHSGLQPTGFLS	0
GLRKSNAAERRGPL	0
VIFAIMARFYTYINPAEIEAQFDEDEKKNRLEKSNPYFMSGANSQKQM	0
YFFLLAGIQAVTALLFVWIAGRYERASQGPASHSRFSRDRG	0
DVTGLGQLSCLPLDGRTKFSQRG	0
EFQREVRKPMRLRWGRSTGKAPSEQKHTPEETSSIPPKTQN	0
GGNPQQPQAPPAGQPQGPPRPPQGGRPSRPPQ	0
RRRRDLQA	0
MLLPATMSDKPDMAEIEKFDKSKLKKTETQEKNPLPSKETIEQEKQAGES	0
MAVACLPFVDF	0
FLGAGLFIYFKNQKGHSGLHPTGLVS	0
EAYIQ	0
PPPPAPYGPGIFPPPPPQP	0
GLIFLGLGLIIHHRSQKGLLH	0
PIKRHSDAVFTDNYTRLRKQMAVKKYLNSILNGKRSSEGDSADFLEELEK	0
PVKRHSDAVFTDNYTRLRKQMAVKKYLNSILNGKRSSEGDSPDFLEELEK	0
TDVVISTACHPTENIIASAALENDKTIKLWKSDC	0
MSGLGC	0
IQRLLQSADEEAIAELLDEHLKSAK	0
LYFFLLAGIQAVTAVLFLWIAGRYERTRQDPDSQNSTSRVRG	0
AMDLELQKIAEKFSQRG	0
VMLKKKQYTSIHHGVVEVDAAVTPEERHLSKMQQNGYENPTYKFFEQMQN	0
QREATNPPVIQEEKPKKKKKAQEDL	0
MSDKPDMAEIEKFDKSKLKKTETQEKNPLPSKETIEQEKQAGES	0
TPGVPAQQSPSM	0
EIWDVQ	0
LDRAAEPVRVVWRLQRPLAEAPRSKL	0
GLRSVGASRHQGPL	0
TTFDFDLCSLDKTTVRKLQSYLETSGTS	0
VLNQLFPGYGNGR	0
IFCIILIIKIIGWLQNTRKKDQ	0
AYIYKAVEVDSRRLADCGSGEGTNEPFRK	0
KAVLEEFGGFELELRGDVEMKGKGKVRTYWLLGERGSSTRG	0
PIKRHSDAVFTDNYTRLRKQMAVKKYLNSILNGKRSSEGESPDFLEELEK	0
GENEPPKKKAPDGCFGHKIDRIGSHSGLGCNKFKPGH	0
KKSDLEGNGVGIGDDHEQALVHPWLYLWGEKRAPNGFLGMRGKRPALFE	0
RRRDLQA	0
PRGRPQGPPQQGGHQQGPPPPPPGKPQGPPPQGGRPQGPPQGQSPQ	0
KGGRFGFRQSAEKGCNDPIRCYG	0
KEEVVVTSRATKVKAKQRGKEKVSSGRPGQHN	0
SQYNLEKATAEEEIMKST	0
SNVSYFVEWIKRQIYIQTFLLN	0
AMQNYERRRK	0
TGKRYCLNSAALKLNALEKTRD	0
PTDERHCVNSISLKFTPENPTL	0
APHFL	0
EFCQIPERTRRSILANFRQLYETQDNPEREEDVVSQNEICQYDNTSP	0
ENFSGGCVAGYMRTPDGRCKPTFYQ	0
DFIHVMDNSDPNWWKGACHGQTGMFPRNYVTPVNRNV	0
QEANQTLVGIDWQHL	0
RSLPAACHWALRESQGQDESVDSKKSTSHDLVSEMEV	0
EDHLADLDSSESHHMNSLSSIRRDFRGVVDSCCRKSCSFSTLRAYCDS	0
KSCDMKALREYCSVVRN	0
DLELQKIAEKFSQRG	0
KVQGEQSSETSDSD	0
TEAPSAKVKLLIGAYRVQLQ	0
VTLESGGSGGVVWRIRASNTKLVCAVGSRNGTEETKLLVLDFDVDMK	0
FAFREAINKLENNLRELQICPATAGSGPAATQDFSKLLSSVKEISDIVQR	0
QPVAGGMQPPPLQRAPPPMRSKNPGPSQGKSM	0
YCESHAKARVKPPEGYDVVAVYPNAKVELV	0
ERMPPRRDAMPSDANLNSINKALTSETNGTDSNGSNSSNIQ	0
IDFYRKFGFEIIETKKNYYKRIEPADAHVLQKNLKVPSGQNADVQKTDN	0
ENIWSTLRLALSMLGQSDAYGAADARDLSTLLTMFGLPQ	0
KHVRLLSRKQFQLRALMQKARKTAGLSDLY	0
GDVEMKGKGKMRTYWLLGERKGPPGLL	0
CFENRKFGTSIHIQRRGTC	0
QSLKEYADYESLVEIISQKV	0
AAPSD	0
LQLGRRRPGPGTYRLEVVSHMAGPWGVQPEGQPGPWGQALRLKVQLQLL	0
EKRSPFRYLGARGKKNPRWEFRGKFVGVRGKKSSLQTVF	0
DNAANLHWPSIRNFNRVFRNFVYQYLKRHTSPVNLRFYRT	0
RSVNPYLQGQRLDNVVAKKSVPHFSDEDKDPE	0
AKKGAAKGCFGLKLDRIGTMSGLGC	0
KLDRIGSTSGLGC	0
KGKRSSGVSLLTSNKDEEQRELLKAISNLLD	0
LLAGIEAVTAVLFLWIAGRYERTRQDPASQRSSSRVRG	0
ILCALGELDKLVKDQANAGQQEFKLPKDFTGRSKCRSLGRIK	0
FGLKLDRIGTMSGLGC	0
DVGSKGKVGRLSAPGSQREGRNPQLNQQ	0
KFSGNRRG	0
LKSTNPSVATFSLINGNICHERYV	0
VCDAHLGHVFDDGPRPTGKRYCINSASLKLKKTQ	0
PVQKWAPVQKWAPVQKWAPLLQPT	0
KIWMKN	0
AQNASMWERVKSIIKSSLAAASNIPGPIGVAASGISGLSALFEGFGF	0
SASLRFTDGENGEEING	0
RQDWIPSDYGGYMNPAGRSD	0
YYAEDDHQQYLHKNPYGYCGIGGIGVCLPPEA	0
LEADGLLAICIQHEMDHLVGKLFMDYLSPLKQQRIRQKVEKLDRLKARA	0
RLEHLHIQRDSSMKPLKCPTSSLSSGATAGSSMYTATCQASCS	0
VCIIFAIMARFYTYINPAEIEAQFDEDEKKKGVGKENPYSSLEPVSQTNM	0
AQESKEMFPRSFIKLLRSKVSRFLRPYK	0
DFGYLTCETYLPGSYGDLQCTQYCYIDSTPCRYFT	0
CVIFAIMARFYTYINPAEIEAQFDEDEKKKGIGKENPYSSLEPVSQTNM	0
PIRRH	0
KQPGVPVKWKR	0
RGSQGRGRGTGRNSKQQQLSAEELDAQLDAYNARMDTS	0
YVSKGHKMVVDRKTGLEILDLKSVLDGNIGPLLGAHISMRRSIDAI	0
AKGAPTSTVYAQILFEENKL	0
TDTGPTPHPSPSRPVSATITLQPMEIRTFLASVQWEEDG	0
SANIPNRHRQSNELLEELSAAGGASAEPNVFGKH	0
KKFYKAEEYHQQYLVKGGMHGNAQSPAKSCKDPIRCYG	0
DMSSDLERDHRPHVSMPQNAN	0
GPGVYSNVSYFVDWIERQIYIQTFLQKKSQG	0
MAVKKYLNSILN	0
SSPDVHLTIQEEGADDELEETSETPLNESSEGSSENIHQNS	0
ILFVMFLFAVTVGSLILGYTRSRKVDKRSDPYHVYIKNRVSMI	0
AKKGAAKGCFGLKVDRIGTMSGLGC	0
LAGLSSSCCKWGCSKSEISSLC	0
SQSKVLPVPQKAVPYPQRDMPIQAFLLYQEPVLGPVRGPFPIIV	0
LLFLIVSVKYDRQRSRANGTPASRRT	0
GIEAEPGYGAYRNHAYDNDFSEA	0
AAIQGATLLLFLIVSVKYDRQRARTDGGPASTRT	0
NYFKYTEKHKEMLPKSFIKLLRSKVSSFLRPYK	0
DEGKTIAIGKVLKLVPEKD	0
PQMGRFTLRDEGKTIAIGKVLKLVPEKD	0
RELDHTTEPVRVVWRLQRPLSEVPRSKL	0
SMGANKMFKSEIDFLNMREILSQSGSPRMMYLYAK	0
VRFLRLAFRPCGNANPHKWVRHLSHSDAYVIRI	0
NAIEKVFKVYNEAGVTFT	0
ACPSAHKPLLGTEKCIWGPSYWCQNTETAAQCNAVEHCKRHVWN	0
SGHKAENGPGPGVLVLRASFDERQPYAHMNGGRKNERALPLPQSSTC	0
LEELGYHIYSSDPPFEVRGANQWIKFKSVS	0
SSSSSYGSGRRF	0
AAAWSLHP	0
PGFGVQAGL	0
CGYDTPFPHIFEPFYIPDKWKCYDALRKMINY	0
VEEPSIC	0
KPSPAASKEYFQKVNQ	0
STNTRVLYFSIFSMFCLIGLATWQVFYLRRFFKAKKLIE	0
YGAEEC	0
EVARSILREFAFPPPVSPRLNL	0
QFSANTGPAHYMTEGHLTMRQGADREESPMTGVCVQQSPVASS	0
GNDHSATRERRLDYQEGPPGVEISCWSVEL	0
VEDDIDLSDVELDDLGKDEL	0
QCEDVNNFICEKDRETVLSSAL	0
KIANELKL	0
DLLLGQCTALLPPVSDQHWSFVKWSGTDSHLLAGQKDGNIFVYHYS	0
RCCGLFRPVIVDWTRQYTIEYDQISGSGYQLV	0
PNPSTSASPKKSPPPAKDEARTTEREKPQ	0
MQPPGE	0
SQGTIKVLELV	0
FATVEDYLH	0
TDGVAEPMHGSLAGVKLSSQQA	0
AQSREQLAALKKHHEEEIVHHKKEIERLQKEIERHKQKIKMLKHDD	0
QTASHNRIPKEITVSNIHQAICNIPFLDFLTNKHMGILNEDQ	0
LFAPLKEYFACV	0
MRWQEMGYIFYPRKLR	0
KGVAKGCFGLKLDRIGTMSGLGC	0
VIENHILKLFQSNLVPADPE	0
EDLMQVYDQFTLAPPLPSASS	0
TLSCYSEVWVVPWLQHFEVPVLRCH	0
GTLQNSAEFSEAFHCRKNSYMNPEKKCRVW	0
NCPEELYNIMMRCWKNRPEERPTFEYIQSVLDDFYTATESQYQQQP	0
ARVCHAHPTLSEAFREANLAASFGKSINF	0
KLVPQQLAH	0
KAGYITPVPGGVGPMTVAMLMKNTIIAAKKVLRLEEREVLKSKELGVATN	0
ADLKLLAKKAQAQPVM	0
LQKSLNILTAFQKKGAEKEEL	0
HPNVKPMAYANTLLQLGMM	0
ILASVQHMKSQAKPGTPGGTGGPAPQY	0
AKKCRKFLN	0
DSRTAKSGGLSVEVCGPALSQQWKFTLNLQQ	0
QLQRIGESEDCAGIVSFLCSPDASYVNGENIAVAGYSTRL	0
CVPSREPKDMTTFRSA	0
LDKVLVHPPQDGEDEPTLVQKEPVEAAPAAEPVPAST	0
SFQEIHLLLLQQGDE	0
DNDMSAVYRAYIH	0
DDFVEYARPVVTGGKRSLF	0
RGDSEALDEES	0
NLLSEYSKFLSYNVTRRKGYDQIIPKMLKTEL	0
KIRPVIEQTFPFSKVPEAFLKVERGHARGKTVINVV	0
QPCLPSTQEDVINKYLEATGQLPVKKGKAKN	0
HTDLAIEYEVSAVPTVLAMKNGDVVDKFVGIKDEDQLEAFLKKLIG	0
ARDPKPEASRASDAGTASQA	0
VSQQILEKRAYICAHPLDRTC	0
TQDSPLILSADCPKEMNDIEQICSQAS	0
EARDRNIQESNFDRVNFWSMVNLVVMVVVSAIQVYMLKSLFEDKRKSRT	0
SAQMQTWVSEGYFPDGVYCRKLDPPGGQFYNSKRIDFDLYT	0
KGKSSSAQQKTVSSTKLVSFHDDSDEDLLHI	0
KDPEAPIFQVADYGIVADLFKVVPEMTEILKKK	0
EMDVGTDEEEETAKESTAEKDEL	0
FGAVICANVTGSYGAACNKLSTFTQFSFMVYNSEKNQPTEEKVDCI	0
YRCHTIMNCTRTCPKGLNPGKAIAEIKKMMATYKEKKASV	0
TAVGLPLQDVSVAACNFCRRPVHFELMSEWERSYFGNMGPQYVTTYA	0
GMGKKKTDPGRGREIQGIFFKEDSHKESNDCSCGG	0
EAPQEPQS	0
RGSGGFGSTGKN	0
LNTIAKHIDAEY	0
FIIFVVVQTVLFIGYIMYRSQQEAAAKKFF	0
NAIEKVFKVYSEAGVTFT	0
DKNNVRRQATTIIADNIIFLSDQTKEKE	0
ASKMLRGKPAVAALGDLTDLPTYEHIQTALSSKDGRLPRTYRLFR	0
RDRNLQEGNLERVNFWSAVNVAVLLLVAVLQVCTLKRFFQDKRPVPT	0
DSSDSE	0
DMDILRSLIRKSGLVVLGQEKQDGFPEQCIPVWMFALHSDRHS	0
DESPTSSSAEE	0
GCDILLQMHQNGDLVEELKKLGIHSALLDEKKDQDSK	0
DYVLISSVLFGLVFATMITKRLAQVKLLNRAWR	0
LKDWHPPGGFILGLWALIIMVFFKTYGIKHMKFIF	0
RIQQILNYIKGNLKHVV	0
FRIAPSMCITKPEVDFAVEVFRSALTQHMERRAK	0
MKLSV	0
ADSGLKILACDDLDEAARMVVKLSEIVTLAKQAHVDVKFQLPI	0
EILKIMKTKGLQGTTALSRQAGQETLSVLKFTKS	0
AMEDEFGFEIPDIDAEKLMCPQEIVDYIADKKDVYE	0
RFWRCSNSKKVWYEWAVTAPVCSAIHNPTGRSYTIGL	0
FLLLGLFKALGWAAVYLSTCKDSKKKAE	0
KMEGFPKDVVILGRSL	0
VPANMRCGVQTPTA	0
LAHAIHQVTK	0
VQAAVGTSAAPVPSDNH	0
YKLGFFKRSLPYGTAMEKAQLKPPATSDA	0
RKQQESLARHLQTYGEHYPLDHFDK	0
AENKEKETAKS	0
RVKDLD	0
IIPFLG	0
QYRSGAAPQPGPAHLSLTITLLMTARLWGGTLLWT	0
HGEVCPAGWKPGSETIIPDPAGKLKYFDKLN	0
VRLRSFTTTIHKVNSMVAYKIPVND	0
LMASDDPEKLSRRSHDLHTL	0
AQDWLKEARMTLETKQIVEILTAYASAVGIGTTQVQPE	0
LFGFNWQLL	0
SSEPVPGEIIAVRVKEEHLDVASPDKASSPELPVSVENIKQETDD	0
KVGFFKPPAAKP	0
YSFINIEHGQAVSLLKTFQNTVELIIVREVSS	0
PDFASSFKIVL	0
PPKKPEGPRSHQHKS	0
PTPKRIEYPLKAHQKVAIMRNIEKMLGEALGNPQEVGPLLNTMIKGRYN	0
AHLKSPFDPNNKRVKGIY	0
PVVESTETEGT	0
KEREKEKEEPPGEKVAN	0
MKPRLCFNFRRRSISPCYISISYLLVAKLFKLFKIH	0
SKSPLQRSLSAKCVSGTGQVSTCRLRKDQQAEDDEDDELDVTEEENFLK	0
KEKPQTEQVE	0
GYFQVNQNSTSSHLGSS	0
FSGLMWFWILWRFWHDSEEVLGHFPYPDPSQWTDEELGIPPDDED	0
LNEVAKLFNIHED	0
DDDLEDLEEAEEPDMEEDDDQKAVKDEL	0
CPELCPDAVFRLMEQCWAYEPGQRPSFSTIYQELQSIRKRHR	0
PLVYTIKRHKWSVLKSRKLAYRPPK	0
QKHYVYGPLPQSFDKEWVAKQTKRMLDMKVNPIQGLASKWDYEKNEWKK	0
QRRSPSSKHQLLSPATKEKLQREAHVPLG	0
EIYPYVIQELRPTLNELGISTPEELGLDKV	0
PSYPDTRSSCSSGDDSVFSPDPMPYEPCLPQYPHINGSVKT	0
FNADFH	0
KESVNAAFEMTLTEGSKLEKKLFYSTFATDDRKEGMTAFVEKRKANFKDQ	0
INNLLAGTQAPPLHTATTNPFLTIHGDNASQKVARLSDKTGPVAQEKS	0
LTESQS	0
PKGLLTHPVAHSGASILREAAAIHVLVTGSLHLVGGVLKLLEPALSQ	0
VSVLIDHF	0
DLNSNLSQSTLDIH	0
GINGGLESASEEVIWVRREDFAPSRKLNTEI	0
YAHVNFAKAQSPGTPRLGRKTSPGPTHRGSFD	0
DDEDDDEAEDNDEDEDDDEEE	0
LGFRCAADRLPTMD	0
QATQQK	0
AAKKAVASVAKK	0
SSVCRDLDVVRRIICSAGLSLLAEERQENLPDEIYHVYSFALR	0
MEKCDDGWFVGTSRRTKQFGTFPGNYVKPLYL	0
RCTQEEARSLVESVSSSPNKESNEEEQVWHFLGK	0
VVVTDVTSNFLTVTIKESNTDQGFFKEKR	0
LACHENETVS	0
ADARFWKGPSEAPSGQA	0
IAHQNKFGEDMPHPH	0
TAKEAKEKAKETALAATEKAKDLASKAATKKQQQQQQFV	0
ETGSEPGDTEPLELGGPGAEPEQKEQSTGQKRPLKNDEL	0
YVFMGQDFRERLIHALPASLERALTEDSTQTSDTATNSTLPSAEVELQAK	0
IQGATLLLFLIVSVKYDRQRARTDGGTASTRT	0
LATPIIDMLKDYLSSLR	0
PILIGVGVILLVILIFKIVSWIPTKKKNQ	0
IKLKQASAKSGNYIEQQCLV	0
GQNMTVSVVI	0
RVSRL	0
CGIKPGLCCSEFCLPGVCFGG	0
SENYDDVSVDELLSHLPLDL	0
PEGCRPFAKFI	0
NKENLLLLPQYERIRCSYMIKELNPSS	0
YNPVIYIMMNKQFRNCMVTTLCCGKNPLGDDEASTTVSKTETSQVAPA	0
LLAQKHFTNPLVAVPSAVSVVCMALGGSGLAVFWRNLPIPADDKDDFKE	0
PGVVNV	0
RQRYGKRSSPETLISDLLMRESTENVPRTRLEDPAMW	0
IAKIPTITAVCNLHGEKLQVFKQSHPDIVNTLFPPLYKELFNPDCAAVCK	0
PFCAIAYALTGIFGSLLCSVPAVRQSLLAVVG	0
IFAIMARFYTYVNPAEIEAQFEEDEKKKNPEKNDLYPSLAPVSQTQM	0
CVIFAIMARFYTYVNPAEIEAQFDDDEKKNLEKMNVYSTVTPVSQTQM	0
FEALMSNLRKEAKIKIGDALEQQ	0
VLGPGVYSNVSYFVGWIERQIYIQTFLQKKSQG	0
KRVVVIVSSVIFFKTPVSPVNAFGTGIALAGVFLYSRVKGIKPKPKTA	0
EEFDGFELELRGDVEMKGKGKVRTYWLLGERGCSTRG	0
SFKSTNPSATFSLINRNICHEGYV	0
HRLHTVQNADQVLVLKQGQLVEHDQLRDEQDVYAHLVQQRLEA	0
ALEKKYEEKTGLPSPERVEARQKRKAGVGFGKR	0
GMVDDVSGEIEGIMAAIQQGKSR	0
YVPLGTQYTDAPSFSDIPNPIGSENSEKTTMPLW	0
VCATGPTACPVMQTCSQTAWSSFSPDPKSELGAVKPDGRLR	0
GSGSSGTGEQKEDQKEEKQ	0
TSWSSLSPDPKSELGPVKADGRLR	0
LTSWSSLSPDPKSELGPVKADGRLR	0
AFAVPVPDHVAGIPCM	0
GPVLPPTNVGSNTYGKRNVAEDPNRESLDFLLL	0
GPVLPPTNVGSNTYGKRNAAGDPNRESLDFLLV	0
IGHKMKENEENAGGYKDDFEPTTPGHSPGVGHAVKNNEPNA	0
RLERLNIQRDSSMKPLKCPTSSVSSGATVGSSVYAATCQNSCS	0
MKAIMLVNFCDERGSGR	0
LLATLSFLNFLVYLWISKRYKYKKAVGRAH	0
RPAQGQQPPQ	0
QKREASNCFTIRHFENKFAVETLICS	0
PRSLRRSSCFGGRMDRIGAQSGLGCNSFRYRR	0
YFNDVQTAKLVDSLLQVLKEKGGTAS	0
LPWAGLHKRKGLKVRKSMSTQAPL	0
DSFEHEVWQDASSFRLIFIVDVWHPELTPQQRRSLPAI	0
FVKRERDLQGRPSSFFGMDRPPKLRDEF	0
LAHPQNYFKYTAQESREMFPRSFIRLLRSKVSRFLRPYK	0
VELGCAATCPSKKPYEEVTCCSTDKCNPHPKQRPG	0
ESSINT	0
SYFSDAQNAKLVDSLLQVLKGKEGTAS	0
LAENSPLDSGH	0
ESPQVPEAPGGSAV	0
VDKMVPRTFRTVDNLDLPLAEGCPKLGPQ	0
LIQEDILDTGNDKNGKEEVIKRKIPYILKRQLYENKPRRPYILKRDSYYY	0
EEGGIS	0
KGDLRRMWSEPFHSKSSSSRFLEV	0
FSMQPLSPILPELPLEAWPATDKTKREEVD	0
KKYEESTGLVSPESIENYKGRKDLISFSR	0
SVCVYSQTYDAARWLPERLVRQVSNNNQSRE	0
HETSDITSVMDGDLDPFIKAYLKHKYTLAMASAVTN	0
AGAADPAKDPDNPVASPLSPSNGDEAQPIPVVKPETSA	0
GATDPAKDPDSPVAGPLSPSNGDQVQPIPVVTPGTSA	0
YTVSTISDGPGYSHDCPSEHLNGKSIHDIENVLLKPENLYN	0
RQRYGKREVPAALFSKLLFTDDSENLPFRSRPEGVDQW	0
DMGPRLKVDGLSAPGSQHEGRIPQLN	0
CRVTTVTEIGKDVIGLRISPLQFR	0
LPLTIPAWDI	0
GDVEMKGKGKMRTYWLLGEQKGPPGLL	0
SFKSTNPSATFSLINGNICHEGYV	0
FECTTHQPRSPLRDLKGALESLIEEETGQKKI	0
IEQDAFRPTHQGPSQGIGHKNPPGAP	0
